"","x"
"1","ABL1"
"2","PARP1"
"3","AEBP1"
"4","AES"
"5","NR0B1"
"6","AHR"
"7","ALX3"
"8","BIN1"
"9","APBB1"
"10","APBB2"
"11","APC"
"12","AIRE"
"13","APEX1"
"14","AR"
"15","PHOX2A"
"16","ARNT"
"17","ARNTL"
"18","ASCL1"
"19","ASCL2"
"20","ATBF1"
"21","ATF1"
"22","ATF3"
"23","ATF4"
"24","ATM"
"25","RERE"
"26","ATOH1"
"27","ATRX"
"28","BACH1"
"29","BAPX1"
"30","BARD1"
"31","BCL3"
"32","BCL6"
"33","PRDM1"
"34","BNC1"
"35","PCGF4"
"36","POLR3D"
"37","FOXL2"
"38","BRCA1"
"39","BRCA2"
"40","BRDT"
"41","ZFP36L1"
"42","ZFP36L2"
"43","KLF9"
"44","KLF5"
"45","BTF3"
"46","BTG1"
"47","RUNX2"
"48","RUNX1"
"49","RUNX1T1"
"50","CBFA2T3"
"51","RUNX3"
"52","CBFB"
"53","CDC5L"
"54","CDX1"
"55","CDX2"
"56","CDX4"
"57","CEBPA"
"58","CEBPB"
"59","CEBPD"
"60","CEBPE"
"61","CEBPG"
"62","CENPB"
"63","CHD1"
"64","CHD2"
"65","CHD4"
"66","CHES1"
"67","ERCC8"
"68","KLF6"
"69","CRABP2"
"70","CREB1"
"71","ATF2"
"72","CREBBP"
"73","CREBL1"
"74","CREBL2"
"75","CREM"
"76","CRX"
"77","CRY1"
"78","CSRP2"
"79","NKX2-5"
"80","CTBP1"
"81","CTNNB1"
"82","CUTL1"
"83","DAB2"
"84","DACH1"
"85","DAXX"
"86","DBP"
"87","DDB1"
"88","DDB2"
"89","DDIT3"
"90","DDX5"
"91","DLX1"
"92","DLX2"
"93","DLX3"
"94","DLX4"
"95","DLX5"
"96","DLX6"
"97","DMRT1"
"98","DNMT1"
"99","DNMT3A"
"100","DR1"
"101","ARID3A"
"102","TSC22D3"
"103","DTX1"
"104","E2F1"
"105","E2F2"
"106","E2F3"
"107","E2F4"
"108","E2F5"
"109","E2F6"
"110","E4F1"
"111","EBF"
"112","EEF1A1"
"113","EGR1"
"114","EGR2"
"115","EGR3"
"116","EGR4"
"117","ELAVL2"
"118","ELF1"
"119","ELF2"
"120","ELF3"
"121","ELF4"
"122","ELF5"
"123","ELK1"
"124","ELK3"
"125","ELK4"
"126","EMX1"
"127","EMX2"
"128","EN1"
"129","EN2"
"130","ENO1"
"131","EP300"
"132","EPAS1"
"133","NR2F6"
"134","ERCC2"
"135","EYA4"
"136","ERCC3"
"137","ERCC6"
"138","ERF"
"139","ERG"
"140","ESR1"
"141","ESR2"
"142","ESRRA"
"143","ESRRB"
"144","ESRRG"
"145","ETS1"
"146","ETS2"
"147","ETV1"
"148","ETV2"
"149","ETV3"
"150","ETV4"
"151","ETV5"
"152","ETV6"
"153","EVI1"
"154","EVX1"
"155","EWSR1"
"156","EYA2"
"157","EYA3"
"158","EZH1"
"159","EZH2"
"160","FALZ"
"161","FHL2"
"162","FOXG1B"
"163","FOXG1A"
"164","FOXG1C"
"165","FOXF1"
"166","FOXF2"
"167","FOXC1"
"168","FOXD1"
"169","FOXD4"
"170","FOXI1"
"171","FOXL1"
"172","FOXE3"
"173","FOXJ1"
"174","FOXC2"
"175","FOXE1"
"176","FOXM1"
"177","FOXD2"
"178","FKHL18"
"179","FOXO1A"
"180","FOXO3A"
"181","FLI1"
"182","FMR1"
"183","FOS"
"184","FOSB"
"185","FOSL2"
"186","NR5A2"
"187","NR5A1"
"188","FUS"
"189","XRCC6"
"190","GABPA"
"191","GABPB2"
"192","GATA1"
"193","GATA2"
"194","GATA3"
"195","GATA4"
"196","GATA6"
"197","GBX2"
"198","GFI1"
"199","GLI1"
"200","GLI2"
"201","GLI3"
"202","GLI4"
"203","NR3C1"
"204","GRLF1"
"205","GSCL"
"206","GTF2A1"
"207","GTF2A2"
"208","GTF2B"
"209","GTF2E1"
"210","GTF2E2"
"211","GTF2F1"
"212","GTF2F2"
"213","GTF2H1"
"214","GTF2H2"
"215","GTF2H3"
"216","GTF2H4"
"217","GTF2I"
"218","GTF3A"
"219","BRF1"
"220","GTF3C1"
"221","GTF3C2"
"222","H1F0"
"223","HCFC1"
"224","HCLS1"
"225","HD"
"226","HDAC1"
"227","HDAC2"
"228","HDGF"
"229","HHEX"
"230","HIC1"
"231","HIF1A"
"232","HIP2"
"233","HIVEP1"
"234","HIVEP2"
"235","HKR3"
"236","HLXB9"
"237","HLF"
"238","HLX1"
"239","HMGB2"
"240","HMGB3"
"241","HMGN1"
"242","HMGN2"
"243","HMGA1"
"244","NR4A1"
"245","HMX1"
"246","FOXA1"
"247","FOXA2"
"248","FOXA3"
"249","HNF4A"
"250","HNF4G"
"251","ONECUT1"
"252","HNRPAB"
"253","HNRPD"
"254","HNRPK"
"255","TLX1"
"256","TLX2"
"257","HOXA1"
"258","HOXA2"
"259","HOXA3"
"260","HOXA4"
"261","HOXA5"
"262","HOXA6"
"263","HOXA7"
"264","HOXA9"
"265","HOXA10"
"266","HOXA11"
"267","HOXA13"
"268","HOXB1"
"269","HOXB2"
"270","HOXB3"
"271","HOXB4"
"272","HOXB5"
"273","HOXB6"
"274","HOXB7"
"275","HOXB8"
"276","HOXB9"
"277","HOXC4"
"278","HOXC5"
"279","HOXC6"
"280","HOXC8"
"281","HOXC9"
"282","HOXC10"
"283","HOXC11"
"284","HOXC12"
"285","HOXC13"
"286","HOXD1"
"287","HOXD3"
"288","HOXD4"
"289","HOXD8"
"290","HOXD9"
"291","HOXD10"
"292","HOXD11"
"293","HOXD12"
"294","HOXD13"
"295","HES1"
"296","HSBP1"
"297","HSF1"
"298","HSF2"
"299","HSF4"
"300","HTLF"
"301","IRF8"
"302","ID1"
"303","ID2"
"304","ID3"
"305","ID4"
"306","IFI16"
"307","SP110"
"308","IGHMBP2"
"309","RBPSUH"
"310","IKBKB"
"311","FOXK2"
"312","ILF2"
"313","ILF3"
"314","ING1"
"315","ING2"
"316","INSM1"
"317","IPF1"
"318","IRF1"
"319","IRF2"
"320","IRF3"
"321","IRF4"
"322","IRF5"
"323","IRF6"
"324","IRF7"
"325","ISL1"
"326","JARID2"
"327","JUN"
"328","JUNB"
"329","JUND"
"330","AFF3"
"331","LHX1"
"332","LMO1"
"333","LMO2"
"334","LMO6"
"335","LMX1A"
"336","LMX1B"
"337","LYL1"
"338","MXD1"
"339","SMAD1"
"340","SMAD2"
"341","SMAD3"
"342","SMAD4"
"343","SMAD5"
"344","SMAD6"
"345","SMAD7"
"346","SMAD9"
"347","MAF"
"348","MAFG"
"349","MAX"
"350","MAZ"
"351","MBD1"
"352","MCM2"
"353","MCM3"
"354","MCM4"
"355","MCM5"
"356","MCM6"
"357","MCM7"
"358","MDM4"
"359","MDS1"
"360","MECP2"
"361","MEF2A"
"362","MEF2B"
"363","MEF2C"
"364","MEF2D"
"365","MEIS1"
"366","MEIS2"
"367","MEIS3P1"
"368","MEN1"
"369","MEOX1"
"370","MEOX2"
"371","CIITA"
"372","MITF"
"373","MLL"
"374","MLLT1"
"375","AFF1"
"376","MLLT3"
"377","MLLT6"
"378","MLLT7"
"379","NR3C2"
"380","MNDA"
"381","MNT"
"382","CITED1"
"383","MSX1"
"384","MSX2"
"385","MTF1"
"386","MXI1"
"387","MYB"
"388","MYBL1"
"389","MYBL2"
"390","MYC"
"391","MYCL1"
"392","MYCN"
"393","MYF5"
"394","MYF6"
"395","MYOD1"
"396","MYOG"
"397","MYT1"
"398","NAB1"
"399","NAB2"
"400","NAP1L2"
"401","NAP1L3"
"402","NAP1L4"
"403","NDN"
"404","NEUROD1"
"405","NEUROD2"
"406","NEUROG1"
"407","NFATC1"
"408","NFATC2"
"409","NFIA"
"410","NFATC3"
"411","NFATC4"
"412","NFE2"
"413","NFE2L1"
"414","NFE2L2"
"415","NFIB"
"416","NFIC"
"417","NFIL3"
"418","NFIX"
"419","NFKB1"
"420","NFKB2"
"421","NFKBIA"
"422","NFKBIB"
"423","NFKBIL1"
"424","NFKBIL2"
"425","NFRKB"
"426","NFX1"
"427","NFYA"
"428","NFYB"
"429","NFYC"
"430","NHLH1"
"431","NHLH2"
"432","NKX2-2"
"433","NKX3-1"
"434","NKX6-1"
"435","NME2"
"436","NONO"
"437","CNOT2"
"438","CNOT3"
"439","CNOT4"
"440","NOTCH2"
"441","NOTCH3"
"442","NOTCH4"
"443","NPAS1"
"444","NPAS2"
"445","NPM1"
"446","NRF1"
"447","NRL"
"448","YBX1"
"449","NR4A2"
"450","SIX6"
"451","ORC2L"
"452","OTX1"
"453","OTX2"
"454","OVOL1"
"455","PA2G4"
"456","PARN"
"457","PAWR"
"458","PAX1"
"459","PAX2"
"460","PAX3"
"461","PAX4"
"462","PAX5"
"463","PAX6"
"464","PAX7"
"465","PAX9"
"466","PBX1"
"467","PBX2"
"468","PBX3"
"469","PCBD1"
"470","PEG3"
"471","PER1"
"472","PGR"
"473","PHF1"
"474","PHF2"
"475","PITX1"
"476","PITX2"
"477","PITX3"
"478","PKNOX1"
"479","PLAG1"
"480","PLAGL1"
"481","PLAGL2"
"482","PLRG1"
"483","PML"
"484","PMS1"
"485","PMS2L3"
"486","PRRX1"
"487","PNN"
"488","POLR2A"
"489","POLR2B"
"490","POLR2C"
"491","POLR2D"
"492","POLR2E"
"493","POLR2F"
"494","POLR2G"
"495","POLR2H"
"496","POLR2I"
"497","POLR2J"
"498","POLR2K"
"499","POLR2L"
"500","POU1F1"
"501","POU2AF1"
"502","POU2F1"
"503","POU2F2"
"504","POU3F1"
"505","POU3F2"
"506","POU3F3"
"507","POU3F4"
"508","POU4F1"
"509","POU4F2"
"510","POU4F3"
"511","POU5F1"
"512","POU5F1P1"
"513","POU6F1"
"514","PPARA"
"515","PPARD"
"516","PPARG"
"517","PPARBP"
"518","EIF2AK2"
"519","PROP1"
"520","PROX1"
"521","PTMA"
"522","PURA"
"523","RAD51"
"524","RAD51L1"
"525","RARA"
"526","RARB"
"527","RARG"
"528","RB1"
"529","ARID4A"
"530","JARID1A"
"531","RBBP4"
"532","RBBP7"
"533","RBL1"
"534","RBL2"
"535","REL"
"536","RELA"
"537","RELB"
"538","UPF1"
"539","DPF2"
"540","REST"
"541","RFC1"
"542","RFP"
"543","RFX1"
"544","RFX2"
"545","RFX3"
"546","RFX4"
"547","RFX5"
"548","RFXAP"
"549","RING1"
"550","RLF"
"551","RNF2"
"552","RNF4"
"553","RNF6"
"554","RORA"
"555","RORB"
"556","RORC"
"557","RREB1"
"558","RXRA"
"559","RXRB"
"560","RXRG"
"561","SAFB"
"562","SALL2"
"563","SALL1"
"564","SATB1"
"565","SCML1"
"566","SFPQ"
"567","SFRS1"
"568","SFRS2"
"569","SFRS3"
"570","SFRS5"
"571","SFRS6"
"572","SFRS8"
"573","SHOX1"
"574","SHOX2"
"575","SIM1"
"576","SIM2"
"577","SIX1"
"578","SIX3"
"579","SKI"
"580","SKIL"
"581","SNAI2"
"582","SMARCA1"
"583","SMARCA2"
"584","SMARCA3"
"585","SMARCA4"
"586","SMARCB1"
"587","SMARCC1"
"588","SMARCC2"
"589","SMARCD1"
"590","SMARCD2"
"591","SMARCD3"
"592","SMARCE1"
"593","SNAI1"
"594","SNAPC1"
"595","SNAPC2"
"596","SNAPC3"
"597","SNAPC4"
"598","SNRPB"
"599","SNRPD1"
"600","SOLH"
"601","SOX1"
"602","SOX2"
"603","SOX3"
"604","SOX4"
"605","SOX5"
"606","SOX9"
"607","SOX10"
"608","SOX11"
"609","SOX15"
"610","SOX12"
"611","SP1"
"612","SP2"
"613","SP3"
"614","SP4"
"615","SP100"
"616","SPI1"
"617","SPIB"
"618","SREBF1"
"619","SREBF2"
"620","SRF"
"621","SRY"
"622","TRIM21"
"623","SSB"
"624","SSRP1"
"625","SSX1"
"626","SSX2"
"627","SSX5"
"628","SSX4"
"629","STAT1"
"630","STAT2"
"631","STAT3"
"632","STAT4"
"633","STAT5A"
"634","STAT5B"
"635","STAT6"
"636","SUPT4H1"
"637","SUPT5H"
"638","SUPT6H"
"639","T"
"640","TADA2L"
"641","TAF1"
"642","TAF4"
"643","TAF4B"
"644","TAF5"
"645","TAF6"
"646","TAF7"
"647","TAF9"
"648","TAF10"
"649","TAF11"
"650","TAF12"
"651","TAF13"
"652","TAL1"
"653","TAL2"
"654","TARBP1"
"655","TARBP2"
"656","TBX1"
"657","TBL1X"
"658","TBP"
"659","TBX2"
"660","TBX5"
"661","TBX6"
"662","TBX15"
"663","TCEA1"
"664","TCEA2"
"665","TCEA3"
"666","TCEB1"
"667","TCEB2"
"668","TCEB3"
"669","TCF4"
"670","TBX3"
"671","TCF1"
"672","TCF2"
"673","TCF3"
"674","TCF7"
"675","TCF7L2"
"676","TCF8"
"677","C2orf3"
"678","TCF12"
"679","TCF15"
"680","ZNF354A"
"681","TCF19"
"682","TCF20"
"683","TCF21"
"684","MLX"
"685","TCOF1"
"686","TEAD1"
"687","TEAD4"
"688","TEAD3"
"689","TEF"
"690","TFAP2A"
"691","TFAP2B"
"692","TFAP2C"
"693","TFAP4"
"694","TFCP2"
"695","NR2F1"
"696","NR2F2"
"697","TFDP1"
"698","TFDP2"
"699","TFE3"
"700","TGFB1I1"
"701","TGIF"
"702","THRA"
"703","THRB"
"704","KLF10"
"705","TIAL1"
"706","TITF1"
"707","TLE1"
"708","TLE2"
"709","TLE3"
"710","NR2E1"
"711","TMF1"
"712","TNFAIP3"
"713","TOP2B"
"714","TP53"
"715","TP53BP1"
"716","TP73"
"717","NR2C1"
"718","NR2C2"
"719","TRIP6"
"720","TRPS1"
"721","TSG101"
"722","TULP3"
"723","HIRA"
"724","TWIST1"
"725","UBP1"
"726","UBTF"
"727","NR1H2"
"728","USF1"
"729","USF2"
"730","VDR"
"731","VHL"
"732","WHSC1"
"733","WHSC2"
"734","WT1"
"735","XBP1"
"736","XPC"
"737","XRCC3"
"738","XRCC5"
"739","YY1"
"740","SF1"
"741","ZFP36"
"742","ZFP37"
"743","ZFP161"
"744","ZFPL1"
"745","ZFX"
"746","ZFY"
"747","ZIC1"
"748","ZIC2"
"749","ZIC3"
"750","ZNF2"
"751","ZNF3"
"752","ZNF6"
"753","ZNF7"
"754","ZNF8"
"755","ZNF9"
"756","ZNF10"
"757","ZNF11B"
"758","ZNF12"
"759","ZNF14"
"760","ZNF708"
"761","ZNF16"
"762","ZNF17"
"763","ZNF18"
"764","ZNF19"
"765","ZNF20"
"766","ZNF21"
"767","ZNF22"
"768","ZNF23"
"769","ZNF24"
"770","ZNF26"
"771","ZNF27"
"772","ZNF29"
"773","ZNF32"
"774","ZNF33A"
"775","ZNF35"
"776","ZKSCAN1"
"777","ZNF37A"
"778","ZNF38"
"779","ZNF41"
"780","ZNF42"
"781","ZNF43"
"782","ZNF45"
"783","ZBTB25"
"784","ZNF70"
"785","ZNF74"
"786","ZNF75"
"787","ZNF75A"
"788","ZNF76"
"789","ZNF79"
"790","ZNF80"
"791","ZNF84"
"792","ZNF221"
"793","ZNF85"
"794","ZNF90"
"795","ZNF91"
"796","ZNF117"
"797","ZNF222"
"798","ZNF121"
"799","ZNF124"
"800","ZNF131"
"801","ZNF132"
"802","ZNF133"
"803","ZNF134"
"804","ZNF135"
"805","ZNF136"
"806","ZNF137"
"807","ZNF138"
"808","ZNF140"
"809","ZNF141"
"810","ZNF142"
"811","ZNF143"
"812","PCGF2"
"813","ZBTB16"
"814","ZNF146"
"815","TRIM25"
"816","ZNF148"
"817","ZBTB17"
"818","ZNF154"
"819","ZNF155"
"820","ZNF157"
"821","ZNF161"
"822","ZNF165"
"823","ZNF174"
"824","ZNF175"
"825","ZNF177"
"826","ZNF180"
"827","ZNF184"
"828","ZNF187"
"829","ZNF189"
"830","ZNF192"
"831","ZNF193"
"832","ZNF195"
"833","ZNF198"
"834","ZNF200"
"835","ZNF202"
"836","ZNF205"
"837","ZNF207"
"838","ZNF208"
"839","ZNF213"
"840","ZNF214"
"841","ZNF215"
"842","ZNF217"
"843","ZNF223"
"844","ZNF224"
"845","ZNF225"
"846","ZNF226"
"847","ZNF227"
"848","ZNF228"
"849","ZNF229"
"850","ZNF230"
"851","ZNF232"
"852","ZNF236"
"853","PRDM2"
"854","CSDE1"
"855","BTG2"
"856","PAX8"
"857","BRPF1"
"858","DEK"
"859","RDBP"
"860","TFEB"
"861","MAFK"
"862","ZNF212"
"863","MYST3"
"864","NR4A3"
"865","LHX3"
"866","MLLT10"
"867","NCOA4"
"868","CSRP3"
"869","FOSL1"
"870","MLL2"
"871","FXR1"
"872","YEATS4"
"873","HMGA2"
"874","CART1"
"875","DPF3"
"876","TAF15"
"877","COIL"
"878","ELL"
"879","ZNF239"
"880","DPF1"
"881","NCOA3"
"882","NRIP1"
"883","LZTR1"
"884","RP13-297E16.1"
"885","SMCX"
"886","SMCY"
"887","ARID1A"
"888","TRRAP"
"889","EOMES"
"890","GFI1B"
"891","SOX14"
"892","ZNF282"
"893","NR0B2"
"894","UTF1"
"895","FOXN1"
"896","TTF2"
"897","KLF11"
"898","TEAD2"
"899","SUPT3H"
"900","SMARCA5"
"901","IKBKG"
"902","GCM1"
"903","CSDA"
"904","CBX4"
"905","BARX2"
"906","LMO4"
"907","PIR"
"908","BLZF1"
"909","BHLHB2"
"910","PIAS1"
"911","KHSRP"
"912","PDLIM4"
"913","RUVBL1"
"914","KLF7"
"915","RFXANK"
"916","TP73L"
"917","JRK"
"918","NCOA1"
"919","SFRS9"
"920","EDF1"
"921","C19orf2"
"922","EED"
"923","CREG1"
"924","TRIM24"
"925","SAP30"
"926","HESX1"
"927","HDAC3"
"928","TSC22D1"
"929","PCAF"
"930","NR1I2"
"931","LDB1"
"932","PER3"
"933","PER2"
"934","FUBP1"
"935","BUD31"
"936","PRPF4B"
"937","TIMELESS"
"938","FOXH1"
"939","PHOX2B"
"940","MBD2"
"941","FUBP3"
"942","H1FX"
"943","LIMD1"
"944","TAF1C"
"945","TAF1B"
"946","TAF1A"
"947","BAZ1B"
"948","BTAF1"
"949","AIP"
"950","PIAS2"
"951","ASH2L"
"952","LDB2"
"953","VCY"
"954","TBX19"
"955","TBX18"
"956","NMI"
"957","MTA1"
"958","PDLIM1"
"959","CBFA2T2"
"960","CTDP1"
"961","DEDD"
"962","LRRFIP1"
"963","FAIM3"
"964","MTA2"
"965","PTTG1"
"966","MSC"
"967","GCM2"
"968","ZBTB22"
"969","CRSP2"
"970","ZNF235"
"971","KLF4"
"972","COPS2"
"973","TRIP13"
"974","TRIP11"
"975","HMGN3"
"976","TRIP4"
"977","ZNHIT3"
"978","GTF3C5"
"979","GTF3C4"
"980","GTF3C3"
"981","CNOT8"
"982","TCEAL1"
"983","LHX2"
"984","ZNF265"
"985","SURB7"
"986","HAND1"
"987","ZNF264"
"988","CRSP3"
"989","CRSP6"
"990","CRSP7"
"991","CRSP8"
"992","CRSP9"
"993","FHL5"
"994","HAND2"
"995","TRFP"
"996","ONECUT2"
"997","TBX4"
"998","FXR2"
"999","TBPL1"
"1000","POLR1C"
"1001","ZNF254"
"1002","GTF2IRD1"
"1003","NR1D1"
"1004","CLOCK"
"1005","SOX13"
"1006","RNPC2"
"1007","CREB5"
"1008","NFE2L3"
"1009","RNF14"
"1010","NCOR1"
"1011","NCOR2"
"1012","ZNF592"
"1013","SH2BP1"
"1014","SAFB2"
"1015","ZNF432"
"1016","EIF5B"
"1017","PHF14"
"1018","JMJD2A"
"1019","BZW1"
"1020","ESPL1"
"1021","ST18"
"1022","ZNF646"
"1023","HDAC9"
"1024","KNTC1"
"1025","ZNF96"
"1026","MLL4"
"1027","HDAC4"
"1028","TOX"
"1029","PHF16"
"1030","BCLAF1"
"1031","MATR3"
"1032","DHX38"
"1033","SERTAD2"
"1034","MAML1"
"1035","DAZAP2"
"1036","TSC22D2"
"1037","ZNF623"
"1038","ZFHX1B"
"1039","ZBTB24"
"1040","C14orf92"
"1041","ZBTB39"
"1042","SUPT7L"
"1043","ARNT2"
"1044","ZBTB40"
"1045","ZBTB5"
"1046","HELZ"
"1047","MAFB"
"1048","THRAP3"
"1049","MED12"
"1050","THRAP1"
"1051","NR1I3"
"1052","NR1H4"
"1053","NR1D2"
"1054","DMTF1"
"1055","MED6"
"1056","NR2E3"
"1057","ZBTB33"
"1058","HDAC5"
"1059","THRAP5"
"1060","CHAF1A"
"1061","HMG2L1"
"1062","NR1H3"
"1063","PQBP1"
"1064","PREB"
"1065","ZNF263"
"1066","YAF2"
"1067","TOB1"
"1068","SFRS14"
"1069","CEBPZ"
"1070","TRIM28"
"1071","ZNF197"
"1072","ZNF256"
"1073","RBM7"
"1074","THOC4"
"1075","TSHZ1"
"1076","TOPORS"
"1077","SSX3"
"1078","OLIG2"
"1079","CTDSPL"
"1080","ZNF443"
"1081","HNRPR"
"1082","SRRM1"
"1083","DENND4A"
"1084","IRX5"
"1085","SAP18"
"1086","SNAPC5"
"1087","ZNF267"
"1088","ZNFN1A1"
"1089","TRIM22"
"1090","NPM2"
"1091","HMG20B"
"1092","HMG20A"
"1093","KLF2"
"1094","CITED2"
"1095","ISGF3G"
"1096","SCML2"
"1097","PIAS3"
"1098","RBM14"
"1099","C1D"
"1100","HAX1"
"1101","ZNF238"
"1102","HMGN4"
"1103","TADA3L"
"1104","HOXB13"
"1105","CREB3"
"1106","NCOA2"
"1107","MYBBP1A"
"1108","ZNF211"
"1109","DEAF1"
"1110","HTATIP"
"1111","BATF"
"1112","HTATIP2"
"1113","DRAP1"
"1114","MXD4"
"1115","HEXIM1"
"1116","C20orf18"
"1117","ARID3B"
"1118","POLR3F"
"1119","POLR3C"
"1120","IVNS1ABP"
"1121","TRIM16"
"1122","TAF6L"
"1123","RGS14"
"1124","DMRT2"
"1125","KHDRBS1"
"1126","LBX1"
"1127","KLF1"
"1128","CTCF"
"1129","GMEB1"
"1130","TBR1"
"1131","NFAT5"
"1132","TCFL5"
"1133","SIX2"
"1134","RAI1"
"1135","PHTF1"
"1136","JARID1B"
"1137","ZMYND11"
"1138","FUSIP1"
"1139","ZBTB6"
"1140","ZNF271"
"1141","ZNF234"
"1142","ZNF266"
"1143","ZNF274"
"1144","ZNF273"
"1145","ZNF272"
"1146","ZNF268"
"1147","ZNF275"
"1148","SRCAP"
"1149","RUVBL2"
"1150","PPARGC1A"
"1151","BRD8"
"1152","PAPOLA"
"1153","TCERG1"
"1154","EHMT2"
"1155","RNPS1"
"1156","SUB1"
"1157","SFRS2B"
"1158","MORF4"
"1159","MSL3L1"
"1160","ASCC3"
"1161","COPS5"
"1162","ATF7"
"1163","RY1"
"1164","VAX1"
"1165","ALF"
"1166","WWP1"
"1167","SOX30"
"1168","CEP110"
"1169","TRIM31"
"1170","HSF2BP"
"1171","DIDO1"
"1172","HNRPUL1"
"1173","PRDM7"
"1174","PRDM5"
"1175","PRDM4"
"1176","POLR3A"
"1177","SFRS16"
"1178","PWP1"
"1179","MYST2"
"1180","SOX21"
"1181","PSIP1"
"1182","WDHD1"
"1183","BAZ1A"
"1184","LZTS1"
"1185","ZNF277"
"1186","TNRC4"
"1187","SUPT16H"
"1188","DDX20"
"1189","ZHX1"
"1190","SP140"
"1191","KLF12"
"1192","KLF8"
"1193","POU6F2"
"1194","RBPSUHL"
"1195","ECD"
"1196","PHB2"
"1197","CBX3"
"1198","TFEC"
"1199","ZNFN1A3"
"1200","ZNFN1A2"
"1201","ATF5"
"1202","MTF2"
"1203","RBM16"
"1204","ZNF409"
"1205","ZFP30"
"1206","ZNF507"
"1207","KIAA0863"
"1208","ZNF510"
"1209","MLXIP"
"1210","ANKRD6"
"1211","ZHX2"
"1212","FOXJ3"
"1213","ZBTB1"
"1214","ATF6"
"1215","HABP4"
"1216","SIRT2"
"1217","ELL2"
"1218","SNW1"
"1219","DUX4"
"1220","TRIM32"
"1221","SCMH1"
"1222","DIP2C"
"1223","PDCD11"
"1224","FBXL11"
"1225","KIAA0194"
"1226","SPEN"
"1227","JMJD2B"
"1228","ZNF292"
"1229","MYT1L"
"1230","ZHX3"
"1231","NCOA6"
"1232","JMJD2C"
"1233","ZNF423"
"1234","ZBTB43"
"1235","TBC1D2B"
"1236","HIC2"
"1237","PHF8"
"1238","CIC"
"1239","C19orf7"
"1240","ANKS1A"
"1241","SIN3B"
"1242","SATB2"
"1243","CUTL2"
"1244","PHF15"
"1245","CRTC1"
"1246","ADNP"
"1247","SIRT5"
"1248","SIRT4"
"1249","SIRT3"
"1250","SIRT1"
"1251","ZFPM2"
"1252","RYBP"
"1253","TARDBP"
"1254","HEY1"
"1255","CBX6"
"1256","PHF3"
"1257","CBX7"
"1258","HEY2"
"1259","SUZ12"
"1260","MYST4"
"1261","ZNF281"
"1262","SEC14L2"
"1263","RBM9"
"1264","ZNF278"
"1265","ZIM2"
"1266","SPO11"
"1267","SSBP2"
"1268","SSBP3"
"1269","TRIM29"
"1270","ZFP95"
"1271","MAFF"
"1272","BRD1"
"1273","TBC1D22A"
"1274","RAD54B"
"1275","FBXO7"
"1276","ZNF324"
"1277","SPDEF"
"1278","VAX2"
"1279","CCRN4L"
"1280","POU2F3"
"1281","ZNF345"
"1282","POLR1A"
"1283","ZNF473"
"1284","RNF19"
"1285","AHCTF1"
"1286","COBRA1"
"1287","WWTR1"
"1288","SIN3A"
"1289","ZNF385"
"1290","ANKRD25"
"1291","MIZF"
"1292","ZZZ3"
"1293","L3MBTL"
"1294","ZNF451"
"1295","CHD5"
"1296","SS18L1"
"1297","SETBP1"
"1298","ZNF500"
"1299","RAI14"
"1300","PYGO1"
"1301","ZBTB20"
"1302","IRF2BP1"
"1303","PHF19"
"1304","ZNF337"
"1305","GMEB2"
"1306","NKX2-8"
"1307","ANKRD2"
"1308","MYCBP"
"1309","EHF"
"1310","LHX6"
"1311","P8"
"1312","HEYL"
"1313","AATF"
"1314","DUX3"
"1315","HBP1"
"1316","ZNF285"
"1317","ZRF1"
"1318","FOXD3"
"1319","FOXB1"
"1320","ZBTB32"
"1321","SND1"
"1322","ANKRD1"
"1323","FOXP1"
"1324","TAF5L"
"1325","ZBTB11"
"1326","AFF4"
"1327","BRPF3"
"1328","SALL3"
"1329","CSDC2"
"1330","VENTX"
"1331","HNRNPG-T"
"1332","ZNF544"
"1333","RBMX"
"1334","TNRC9"
"1335","ZNF638"
"1336","HTATSF1"
"1337","HIPK2"
"1338","KLF15"
"1339","MED4"
"1340","SAP30BP"
"1341","BRD7"
"1342","ABT1"
"1343","ZDHHC1"
"1344","GRHL1"
"1345","TFCP2L1"
"1346","TFPT"
"1347","UBN1"
"1348","CNOT7"
"1349","RBM15B"
"1350","SERTAD3"
"1351","DNMT3L"
"1352","SERTAD1"
"1353","LASS2"
"1354","NRBF2"
"1355","BAZ2B"
"1356","TBX21"
"1357","TLX3"
"1358","RAX"
"1359","SOX8"
"1360","VSX1"
"1361","KCNIP3"
"1362","CXXC1"
"1363","ZNF354C"
"1364","ZNRD1"
"1365","TAX1BP3"
"1366","ZNF295"
"1367","NEUROG3"
"1368","MYEF2"
"1369","IRX4"
"1370","RNF141"
"1371","FOXP3"
"1372","TBX22"
"1373","MED31"
"1374","ASCC1"
"1375","BOLA1"
"1376","ZNF593"
"1377","ZBTB7B"
"1378","POLR1D"
"1379","MLXIPL"
"1380","YBX2"
"1381","ZDHHC9"
"1382","ASB3"
"1383","RNF12"
"1384","ING4"
"1385","ZNF580"
"1386","LEF1"
"1387","ZNF639"
"1388","ZDHHC2"
"1389","ZNF219"
"1390","TCEB3B"
"1391","PHF20"
"1392","TFDP3"
"1393","KLF3"
"1394","ZNF571"
"1395","SCAND1"
"1396","PHF21A"
"1397","ZBTB7A"
"1398","ZNF589"
"1399","LW-1"
"1400","ZNF588"
"1401","VGLL1"
"1402","PRRX2"
"1403","SFMBT1"
"1404","TH1L"
"1405","ETV7"
"1406","PHF7"
"1407","ZNF581"
"1408","SIRT7"
"1409","HDAC7A"
"1410","PCQAP"
"1411","PIAS4"
"1412","TRIM33"
"1413","TAF9B"
"1414","KLF13"
"1415","ASB1"
"1416","ASB4"
"1417","SUFU"
"1418","ZNF44"
"1419","RAP80"
"1420","POLR3K"
"1421","WBP11"
"1422","ARID4B"
"1423","HBXAP"
"1424","SIX4"
"1425","BCL11A"
"1426","MBD3"
"1427","BRWD1"
"1428","ZDHHC13"
"1429","ING3"
"1430","SCAND2"
"1431","FBXL19"
"1432","HES2"
"1433","HSMPP8"
"1434","FEV"
"1435","ZNF586"
"1436","GATAD2A"
"1437","ANKRD49"
"1438","GON4L"
"1439","BCOR"
"1440","CASZ1"
"1441","WHSC1L1"
"1442","ZNF434"
"1443","ZSCAN2"
"1444","ANKZF1"
"1445","PB1"
"1446","PHF10"
"1447","ZNF444"
"1448","C14orf106"
"1449","ZNF331"
"1450","HES6"
"1451","SNFT"
"1452","MAML3"
"1453","HSZFP36"
"1454","SOX6"
"1455","ANKRD10"
"1456","ZDHHC7"
"1457","ZNF407"
"1458","PNRC2"
"1459","ZNF673"
"1460","CHD7"
"1461","ZNF416"
"1462","HIF1AN"
"1463","ZNF446"
"1464","YEATS2"
"1465","POLR3B"
"1466","ZNF334"
"1467","POLR3E"
"1468","ATF7IP"
"1469","ZFP64"
"1470","ZNF83"
"1471","DCP1A"
"1472","HR"
"1473","TRERF1"
"1474","FOXJ2"
"1475","BDP1"
"1476","HDAC8"
"1477","ASH1L"
"1478","LMO3"
"1479","ZNF167"
"1480","MYNN"
"1481","ZNF395"
"1482","ZNF302"
"1483","MLL5"
"1484","NKRF"
"1485","DMAP1"
"1486","BARX1"
"1487","NDNL2"
"1488","ZNF253"
"1489","CTNNBL1"
"1490","ANKRD7"
"1491","PPAN"
"1492","ASCL3"
"1493","SLC2A4RG"
"1494","BARHL1"
"1495","PAPOLB"
"1496","C21orf7"
"1497","SMARCAD1"
"1498","MEIS3"
"1499","ARNTL2"
"1500","XAB2"
"1501","LHX9"
"1502","PRDM8"
"1503","PRDM9"
"1504","PRDM10"
"1505","BBX"
"1506","TULP4"
"1507","CTNNBIP1"
"1508","TBX20"
"1509","REXO4"
"1510","ZNF695"
"1511","INTS12"
"1512","SALL4"
"1513","ZNFX1"
"1514","ZNF248"
"1515","PBXIP1"
"1516","CBX8"
"1517","ZNF286"
"1518","ZNF287"
"1519","ZNF304"
"1520","GATAD2B"
"1521","CNOT6"
"1522","GM632"
"1523","ZNF490"
"1524","ARID1B"
"1525","MKL2"
"1526","MTA3"
"1527","ZNF398"
"1528","ZNF624"
"1529","ZNF319"
"1530","ZNF471"
"1531","CRAMP1L"
"1532","MKL1"
"1533","RP5-860F19.3"
"1534","KIAA1443"
"1535","TSHZ3"
"1536","ZBTB2"
"1537","EP400"
"1538","POGK"
"1539","PHF12"
"1540","CALCOCO1"
"1541","KIAA1559"
"1542","CHD8"
"1543","ZBTB26"
"1544","ZNF317"
"1545","NCOA5"
"1546","TRIB3"
"1547","ANKRA2"
"1548","RBAK"
"1549","SF4"
"1550","GATAD1"
"1551","HES4"
"1552","ZNF410"
"1553","NEUROD4"
"1554","ZF"
"1555","ZNF71"
"1556","ZNF77"
"1557","OVOL2"
"1558","ZNF462"
"1559","ZNF250"
"1560","SR-A1"
"1561","MLL3"
"1562","DMRT3"
"1563","HIVEP3"
"1564","PRDM12"
"1565","PRDM13"
"1566","ZNF350"
"1567","TGIF2"
"1568","BACH2"
"1569","ALX4"
"1570","PKNOX2"
"1571","ZNF335"
"1572","ANKRD5"
"1573","DMRTC2"
"1574","DMRTB1"
"1575","DMRTA1"
"1576","NEUROG2"
"1577","NEUROD6"
"1578","PRDM16"
"1579","PRDM14"
"1580","NPAS3"
"1581","FKSG14"
"1582","MMS19L"
"1583","LHX5"
"1584","ZNF323"
"1585","SOX17"
"1586","NSD1"
"1587","NFKBIZ"
"1588","HIF3A"
"1589","GZF1"
"1590","POLR1E"
"1591","ZDHHC6"
"1592","EBF2"
"1593","SMURF2"
"1594","RBM15"
"1595","ISL2"
"1596","RFXDC2"
"1597","PAPOLG"
"1598","BCL11B"
"1599","C2orf26"
"1600","ZSWIM4"
"1601","ZNF649"
"1602","ZNF447"
"1603","ZBTB10"
"1604","ZNF747"
"1605","ZNF655"
"1606","DDX54"
"1607","ZNF426"
"1608","PHF23"
"1609","ZSCAN5"
"1610","ZNF343"
"1611","IRX6"
"1612","IRX3"
"1613","IRX1"
"1614","ZNF557"
"1615","BHLHB3"
"1616","NSBP1"
"1617","LASS4"
"1618","HMBOX1"
"1619","FLJ11795"
"1620","SUV39H2"
"1621","FLJ23436"
"1622","LIN28"
"1623","E2F8"
"1624","ZNF419"
"1625","SNIP1"
"1626","ZNF408"
"1627","ALS2CR8"
"1628","EHMT1"
"1629","TLE6"
"1630","ZBTB3"
"1631","ZNF669"
"1632","HDAC11"
"1633","ZNF671"
"1634","ZNF613"
"1635","NANOG"
"1636","PHF17"
"1637","ZNF442"
"1638","ANKRD53"
"1639","ZNF556"
"1640","ZNF606"
"1641","ZFP2"
"1642","NARG1"
"1643","ELL3"
"1644","ZNF430"
"1645","EPC1"
"1646","ZNF306"
"1647","ABTB1"
"1648","ZNF435"
"1649","ESX1"
"1650","PBX4"
"1651","THAP7"
"1652","ZNF34"
"1653","ZNF436"
"1654","ZFP91"
"1655","TSC22D4"
"1656","ZNF611"
"1657","ZNF93"
"1658","TCF7L1"
"1659","MXD3"
"1660","SCRT1"
"1661","SOX7"
"1662","TFAP2D"
"1663","L3MBTL2"
"1664","KLF16"
"1665","MIXL1"
"1666","HDAC10"
"1667","BRIP1"
"1668","PCBD2"
"1669","PCGF6"
"1670","ZNF394"
"1671","ZNF644"
"1672","ARID5B"
"1673","ASCC2"
"1674","POLR1B"
"1675","SLA2"
"1676","MAF1"
"1677","ANKRD32"
"1678","ZDHHC16"
"1679","ING5"
"1680","PHF6"
"1681","ZNF397"
"1682","MKI67IP"
"1683","DOT1L"
"1684","ZNF333"
"1685","ZNF512"
"1686","L3MBTL3"
"1687","MLR2"
"1688","NKX6-2"
"1689","MCM8"
"1690","HOP"
"1691","ZNF559"
"1692","PEPP-2"
"1693","PGBD1"
"1694","ZBTB37"
"1695","KIAA1862"
"1696","ZNF469"
"1697","SPZ1"
"1698","GLIS2"
"1699","HES7"
"1700","ZNF347"
"1701","FBXL10"
"1702","INSM2"
"1703","CREB3L3"
"1704","HDGF2"
"1705","ZNF577"
"1706","ZNF496"
"1707","RAXL1"
"1708","PHF5A"
"1709","ZNF514"
"1710","ZNF499"
"1711","ZNF206"
"1712","ZNF341"
"1713","ZNF382"
"1714","ZNF587"
"1715","FLJ14768"
"1716","ZNF566"
"1717","C20orf100"
"1718","TRIM5"
"1719","EAF1"
"1720","NKD2"
"1721","PRIC285"
"1722","ZFHX2"
"1723","SCRT2"
"1724","MBD3L1"
"1725","HSFY1"
"1726","TRIM15"
"1727","LHX4"
"1728","ZNF30"
"1729","ZNF551"
"1730","TGIF2LX"
"1731","LOC90321"
"1732","ZNF160"
"1733","THRAP6"
"1734","ZNF700"
"1735","ZNF439"
"1736","ZNF486"
"1737","TGIF2LY"
"1738","PYGO2"
"1739","ZNF479"
"1740","SPOCD1"
"1741","ZNF251"
"1742","CREB3L1"
"1743","LASS5"
"1744","ANKRD30A"
"1745","L3MBTL4"
"1746","ZNF502"
"1747","CHURC1"
"1748","LOC91661"
"1749","YTHDC1"
"1750","ZNF300"
"1751","GIOT-1"
"1752","ZNF585B"
"1753","ZFP62"
"1754","FANK1"
"1755","MGC13138"
"1756","ZNF276"
"1757","PRDM6"
"1758","ZNF670"
"1759","MYOCD"
"1760","FOXP2"
"1761","ZNF101"
"1762","C21orf66"
"1763","FOXQ1"
"1764","PHF21B"
"1765","MED8"
"1766","ZNF257"
"1767","ZIM3"
"1768","TOE1"
"1769","ZNF554"
"1770","ZNF689"
"1771","ZNF501"
"1772","ZNF653"
"1773","FOXP4"
"1774","OLIG1"
"1775","CENTG3"
"1776","DACH2"
"1777","TWIST2"
"1778","ZNF354B"
"1779","ZNF488"
"1780","ANKRD22"
"1781","ZNF641"
"1782","SP7"
"1783","AEBP2"
"1784","BTBD11"
"1785","SPIC"
"1786","FOXN4"
"1787","JDP2"
"1788","ANKS3"
"1789","ZNF441"
"1790","ZNF491"
"1791","ZNF440"
"1792","ZNF573"
"1793","LOC126295"
"1794","DMBX1"
"1795","C1orf83"
"1796","HMGB4"
"1797","ZBTB8"
"1798","TSHZ2"
"1799","HMG4L"
"1800","SUHW1"
"1801","LOC129138"
"1802","ZNF513"
"1803","ZFP42"
"1804","PPARGC1B"
"1805","JMY"
"1806","FLJ25680"
"1807","DKFZp762I137"
"1808","KLF14"
"1809","ASB10"
"1810","C7orf11"
"1811","TAF1L"
"1812","CXorf43"
"1813","ASB11"
"1814","ASB6"
"1815","ASB8"
"1816","ASB9"
"1817","ZNF358"
"1818","ZFP28"
"1819","GATA5"
"1820","BTBD4"
"1821","CTCFL"
"1822","SUHW2"
"1823","C20orf151"
"1824","ASB15"
"1825","ASB12"
"1826","GSC"
"1827","ZFP90"
"1828","ZNF597"
"1829","FLJ32130"
"1830","ZNF688"
"1831","ZNF480"
"1832","ZNF578"
"1833","ZNF418"
"1834","ZNF417"
"1835","ZNF560"
"1836","ZNF524"
"1837","ZNF563"
"1838","SIX5"
"1839","ZNF420"
"1840","ZNF565"
"1841","ZNF582"
"1842","ZNF583"
"1843","ZNF599"
"1844","ZNF558"
"1845","LOC148203"
"1846","ZNF714"
"1847","ZNF555"
"1848","ZNF570"
"1849","CREB3L4"
"1850","PHF13"
"1851","GLIS1"
"1852","SMYD1"
"1853","NFXL1"
"1854","ZNF595"
"1855","IRX2"
"1856","FLJ25169"
"1857","ZNF483"
"1858","OTEX"
"1859","ZDHHC15"
"1860","NKX2-3"
"1861","ZFPM1"
"1862","ZFP1"
"1863","ZNF519"
"1864","TCEB3C"
"1865","ZNF610"
"1866","ZNF550"
"1867","ZNF342"
"1868","DEDD2"
"1869","ZNF564"
"1870","ZNF709"
"1871","ZNF433"
"1872","ZNF114"
"1873","ZNF567"
"1874","ZNF383"
"1875","ZNF100"
"1876","ZNF540"
"1877","CITED4"
"1878","ZNF366"
"1879","OLIG3"
"1880","ZNF92"
"1881","ZNF679"
"1882","ZNF467"
"1883","BHLHB8"
"1884","ZNF596"
"1885","GLIS3"
"1886","ZNF169"
"1887","MGC17403"
"1888","ARX"
"1889","SSBP4"
"1890","GSH2"
"1891","ZNF431"
"1892","ZNF384"
"1893","ASXL1"
"1894","ZNF675"
"1895","POLR3H"
"1896","FLJ31875"
"1897","ZNF553"
"1898","ZNF627"
"1899","ZNF585A"
"1900","ZNF626"
"1901","FOXD4L1"
"1902","ZNF584"
"1903","ZSCAN4"
"1904","TIGD4"
"1905","KHDRBS2"
"1906","ZNF449"
"1907","LASS3"
"1908","GSH1"
"1909","ZNF25"
"1910","JMJD1C"
"1911","ZBTB9"
"1912","ZBTB12"
"1913","SP8"
"1914","tcag7.981"
"1915","RFXDC1"
"1916","ZNF390"
"1917","VGLL2"
"1918","CNOT6L"
"1919","POLR2J2"
"1920","ZNF396"
"1921","NEIL2"
"1922","ZBTB38"
"1923","EBF3"
"1924","MLR1"
"1925","MCMDC1"
"1926","BCL6B"
"1927","ZNF549"
"1928","PTF1A"
"1929","SHPRH"
"1930","ZNF311"
"1931","MKX"
"1932","RCOR2"
"1933","PTRF"
"1934","ZNF547"
"1935","ZSCAN1"
"1936","ZNF283"
"1937","ZNF615"
"1938","ZNF545"
"1939","LOC115648"
"1940","ZNF493"
"1941","HKR1"
"1942","ZNF326"
"1943","ZNF454"
"1944","ZNF707"
"1945","ZFP41"
"1946","RP11-561O23.3"
"1947","SALF"
"1948","SNAI3"
"1949","ANKRD42"
"1950","CHX10"
"1951","ZNF546"
"1952","ANKRD45"
"1953","TFAP2E"
"1954","ZDHHC21"
"1955","ANKRD33"
"1956","ZNF404"
"1957","ZNF677"
"1958","HKR2"
"1959","BARHL2"
"1960","FIGLA"
"1961","ZFP57"
"1962","ZNF81"
"1963","TBX10"
"1964","ZNF713"
"1965","FOXD4L4"
"1966","ZNF429"
"1967","ZNF445"
"1968","LOC360030"
"1969","ZNF568"
"1970","ZNF307"
"1971","MAFA"
"1972","ZBTB34"
"1973","BOLA2"
"1974","LOC643641"
"1975","HES3"
"1976","HES5"
"1977","DUX1"
"1978","DUXA"
"1979","E2F7"
"1980","EBF1"
"1981","FOXD4L2"
"1982","GRHL3"
"1983","HMGB1"
"1984","HMGXB4"
"1985","IRF9"
"1986","KLF17"
"1987","MESP1"
"1988","MESP2"
"1989","MYCL2"
"1990","NFKBIE"
"1991","NKX6-3"
"1992","RCOR1"
"1993","TOX4"
"1994","TRIM27"
"1995","ZBTB48"
"1996","ZFAT"
"1997","ZKSCAN2"
"1998","ZKSCAN3"
"1999","ZKSCAN4"
"2000","ZNF322P1"
"2001","ZNF367"
"2002","ZNF425"
"2003","ZNF498"
"2004","ZNF518A"
"2005","ZNF518B"
"2006","ZNF576"
"2007","ZNF628"
"2008","ZNF643"
"2009","ZNF75CP"
"2010","ZNF770"
"2011","ZSCAN12"
"2012","ZSCAN16"
"2013","ZSCAN18"
"2014","ZSCAN20"
"2015","ZSCAN22"
"2016","ZSCAN23"
"2017","ZSCAN29"
"2018","ZSCAN5A"
"2019","ZSCAN5B"
"2020","ZXDC"
